{"cameraMode":{"drawMode":0,"name":"Shaded","section":"Shading Mode"},"sceneLighting":false,"audioPlay":false,"sceneViewState":{"showFog":true,"showMaterialUpdate":false,"showSkybox":false,"showFlares":true,"showImageEffects":true,"showParticleSystems":true,"showVisualEffectGraphs":true,"m_FxEnabled":true},"in2DMode":false,"pivot":{"x":83.3038330078125,"y":32.90940856933594,"z":7.438995361328125},"rotation":{"x":-0.034750986844301227,"y":0.054535966366529468,"z":-0.0018989888485521079,"w":-0.9979048371315002},"size":118.19048309326172,"orthographic":false}