{"cameraMode":{"drawMode":0,"name":"Shaded","section":"Shading Mode"},"sceneLighting":true,"audioPlay":false,"sceneViewState":{"showFog":true,"showMaterialUpdate":false,"showSkybox":true,"showFlares":true,"showImageEffects":true,"showParticleSystems":true,"showVisualEffectGraphs":true,"m_FxEnabled":true},"in2DMode":false,"pivot":{"x":1.1693332195281983,"y":0.031040191650390626,"z":-0.07845735549926758},"rotation":{"x":-0.24900482594966889,"y":-0.06908409297466278,"z":0.01781022734940052,"w":-0.965869128704071},"size":4.466025352478027,"orthographic":false}